Rank,MedCPT Score,Title,Authors,Journal,Year,Drug Discovery Stage,Experimental Evidence,PMID,DOI,URL,Publication Types,Keywords,Abstract
5,13.247,Combining AlphaFold with Focused Virtual Library Design in the Development of Novel CCR2 and CCR5 Antagonists.,Essa Khaled; Noorman van der Dussen Kian; Yao Yao; Bleijs Bente; Ortiz Zacarias Natalia V; Heitman Laura H; van Westen Gerard J P; Jespers Willem; van der Es Daan; Šícho Martin,Journal of chemical information and modeling,2025,Lead Optimisation,"measured activity, binding assay, biophysical",41223357,10.1021/acs.jcim.5c01596,https://doi.org/10.1021/acs.jcim.5c01596,Journal Article,"Receptors, CCR2; Molecular Docking Simulation; Receptors, CCR5; Humans; Small Molecule Libraries; Drug Design; CCR5 Receptor Antagonists; Ligands","CC chemokine receptor (CCR) 2 and 5 are G protein-coupled receptors that play a crucial role in immunohomeostasis. Accordingly, overactivation of their signaling pathways is involved in various immunopathologies and cancer. Extensive research focusing on discovering CCR2 and CCR5 orthosteric antagonists, ultimately resulted in some clinical success, but the area of intracellular allosteric modulators is still underexplored and the move from orthosteric to allosteric modulation could be an interesting paradigm shift. To this end, we document the development of novel CCR2 and CCR5 intracellular allosteric antagonists through a virtual screen on a small combinatorial library derived from existing CCR2, CCR5, and CCR4 ligands. Using a molecular docking approach, the created library was screened in its entirety utilizing a refined AlphaFold model of CCR5 based on the crystal structure of its close homologue, CCR2. The screening resulted in the identification of several virtual hits, out of which one was developed further by in-house synthesis. In total, 18 analogues were prepared and experimentally evaluated for their binding affinity for CCR2 and functional inhibition on CCR5. This expeditious and simple workflow beginning from docking to compound evaluation identified 3 hits for CCR2 (Ki = 1.3-6 μM) and 1 hit (IC50 = 10.8 μM) for CCR5. The obtained structure-activity relationships were also further rationalized using structural information available for both CCR5 and CCR2 providing valuable insights for future development of intracellular allosteric ligands."
6,13.237,Comparative Structure-Based Virtual Screening Utilizing Optimized AlphaFold Model Identifies Selective HDAC11 Inhibitor.,Baselious Fady; Hilscher Sebastian; Robaa Dina; Barinka Cyril; Schutkowski Mike; Sippl Wolfgang,International journal of molecular sciences,2024,Hit Identification / In Vitro,enzymatic,38279359,10.3390/ijms25021358,https://doi.org/10.3390/ijms25021358,Journal Article,"AlphaFold; HDAC11; docking; in vitro assay; modelling; molecular dynamics simulation; pharmacophore; virtual screening; Molecular Docking Simulation; Molecular Dynamics Simulation; Catalytic Domain; Models, Chemical; Drug Design; Histone Deacetylase Inhibitors","HDAC11 is a class IV histone deacylase with no crystal structure reported so far. The catalytic domain of HDAC11 shares low sequence identity with other HDAC isoforms, which makes conventional homology modeling less reliable. AlphaFold is a machine learning approach that can predict the 3D structure of proteins with high accuracy even in absence of similar structures. However, the fact that AlphaFold models are predicted in the absence of small molecules and ions/cofactors complicates their utilization for drug design. Previously, we optimized an HDAC11 AlphaFold model by adding the catalytic zinc ion and minimization in the presence of reported HDAC11 inhibitors. In the current study, we implement a comparative structure-based virtual screening approach utilizing the previously optimized HDAC11 AlphaFold model to identify novel and selective HDAC11 inhibitors. The stepwise virtual screening approach was successful in identifying a hit that was subsequently tested using an in vitro enzymatic assay. The hit compound showed an IC50 value of 3.5 µM for HDAC11 and could selectively inhibit HDAC11 over other HDAC subtypes at 10 µM concentration. In addition, we carried out molecular dynamics simulations to further confirm the binding hypothesis obtained by the docking study. These results reinforce the previously presented AlphaFold optimization approach and confirm the applicability of AlphaFold models in the search for novel inhibitors for drug discovery."
11,10.858,AlphaFold accelerates artificial intelligence powered drug discovery: efficient discovery of a novel CDK20 small molecule inhibitor.,Ren Feng; Ding Xiao; Zheng Min; Korzinkin Mikhail; Cai Xin; Zhu Wei; Mantsyzov Alexey; Aliper Alex; Aladinskiy Vladimir; Cao Zhongying; Kong Shanshan; Long Xi; Man Liu Bonnie Hei; Liu Yingtao; Naumov Vladimir; Shneyderman Anastasia; Ozerov Ivan V; Wang Ju; Pun Frank W; Polykovskiy Daniil A; Sun Chong; Levitt Michael; Aspuru-Guzik Alán; Zhavoronkov Alex,Chemical science,2023,Lead Optimisation,"measured activity, synthesis, enzymatic",36794205,10.1039/d2sc05709c,https://doi.org/10.1039/d2sc05709c,Journal Article,,"The application of artificial intelligence (AI) has been considered a revolutionary change in drug discovery and development. In 2020, the AlphaFold computer program predicted protein structures for the whole human genome, which has been considered a remarkable breakthrough in both AI applications and structural biology. Despite the varying confidence levels, these predicted structures could still significantly contribute to structure-based drug design of novel targets, especially the ones with no or limited structural information. In this work, we successfully applied AlphaFold to our end-to-end AI-powered drug discovery engines, including a biocomputational platform PandaOmics and a generative chemistry platform Chemistry42. A novel hit molecule against a novel target without an experimental structure was identified, starting from target selection towards hit identification, in a cost- and time-efficient manner. PandaOmics provided the protein of interest for the treatment of hepatocellular carcinoma (HCC) and Chemistry42 generated the molecules based on the structure predicted by AlphaFold, and the selected molecules were synthesized and tested in biological assays. Through this approach, we identified a small molecule hit compound for cyclin-dependent kinase 20 (CDK20) with a binding constant Kd value of 9.2 ± 0.5 μM (n = 3) within 30 days from target selection and after only synthesizing 7 compounds. Based on the available data, a second round of AI-powered compound generation was conducted and through this, a more potent hit molecule, ISM042-2-048, was discovered with an average Kd value of 566.7 ± 256.2 nM (n = 3). Compound ISM042-2-048 also showed good CDK20 inhibitory activity with an IC50 value of 33.4 ± 22.6 nM (n = 3). In addition, ISM042-2-048 demonstrated selective anti-proliferation activity in an HCC cell line with CDK20 overexpression, Huh7, with an IC50 of 208.7 ± 3.3 nM, compared to a counter screen cell line HEK293 (IC50 = 1706.7 ± 670.0 nM). This work is the first demonstration of applying AlphaFold to the hit identification process in drug discovery."
13,10.464,Discovery of novel and selective SIK2 inhibitors by the application of AlphaFold structures and generative models.,Zhu Wei; Liu Xiaosong; Li Qi; Gao Feng; Liu Tingting; Chen Xiaojing; Zhang Man; Aliper Alex; Ren Feng; Ding Xiao; Zhavoronkov Alex,Bioorganic & medicinal chemistry,2023,Lead Optimisation,enzymatic,37467565,10.1016/j.bmc.2023.117414,https://doi.org/10.1016/j.bmc.2023.117414,Journal Article,AlphaFold; Generative Models; Novel Selectivity; Salt-inducible kinase 2; Molecular Docking Simulation; Protein Serine-Threonine Kinases; Protein Kinase Inhibitors,"Salt-inducible kinase 2 (SIK2) has been recognized as a potential target for anti-inflammation and anti-cancer therapy. In this paper, based on the binding pose of the reported compound (GLPG-3970, 3) with AlphaFold protein structure, a series of hinge cores were generated via AI-generative models (Chemistry42). After the molecular docking, synthesis, and biological evaluation, a hit molecule (7f) targeting SIK2 was obtained with a novel scaffold. Further SAR exploration led to the discovery of compound 8g with superior potency against SIK2 compared with the reported inhibitors. Furthermore, 8g also demonstrated excellent selectivity over other AMPK kinases, favorable in vitro ADMET profiles and decent cellular activities. This work provides an alternative approach to the discovery of novel and selective kinase inhibitors."
22,6.83,In silico discovery and validation of potent small-molecule inhibitors targeting the activation function 2 site of human oestrogen receptor α.,Singh Kriti; Munuganti Ravi Shashi Nayana; Leblanc Eric; Lin Yu Lun; Leung Euphemia; Lallous Nada; Butler Miriam; Cherkasov Artem; Rennie Paul S,Breast cancer research : BCR,2015,Hit Identification / In Vitro,"measured activity, cell assay",25848700,10.1186/s13058-015-0529-8,https://doi.org/10.1186/s13058-015-0529-8,"Journal Article; Research Support, Non-U.S. Gov't","Antineoplastic Agents; Binding Sites; Breast Neoplasms; Carrier Proteins; Catalytic Domain; Cell Line, Tumor; Cell Survival; Computer Simulation; Drug Discovery; Drug Resistance, Neoplasm; Drug Screening Assays, Antitumor; Estradiol; Estrogen Receptor Modulators; Estrogen Receptor alpha; Estrogens; Female; Humans; Ligands; MCF-7 Cells; Models, Molecular; Protein Binding; Protein Conformation; Protein Interaction Domains and Motifs; Reproducibility of Results; Small Molecule Libraries; Transcription, Genetic","INTRODUCTION: Current approaches to inhibit oestrogen receptor-alpha (ERα) are focused on targeting its hormone-binding pocket and have limitations. Thus, we propose that inhibitors that bind to a coactivator-binding pocket on ERα, called activation function 2 (AF2), might overcome some of these limitations. METHODS: In silico virtual screening was used to identify small-molecule ERα AF2 inhibitors. These compounds were screened for inhibition of ERα transcriptional activity using stably transfected T47D-KBluc cell line. A direct physical interaction between the AF2 binders and the ERα protein was measured using biolayer interferometry (BLI) and an ERα coactivator displacement assay. Cell viability was assessed by MTS assay in ERα-positive MCF7 cells, tamoxifen-resistant (TamR) cell lines TamR3 and TamR6, and ERα-negative MDA-MB-453 and HeLa cell lines. In addition, ERα inhibition in TamR cells and the effect of compounds on mRNA and protein expression of oestrogen-dependent genes, pS2, cathepsin D and cell division cycle 2 (CDC2) were determined. RESULTS: Fifteen inhibitors from two chemical classes, derivatives of pyrazolidine-3,5-dione and carbohydrazide, were identified. In a series of in vitro assays, VPC-16230 of the carbohydrazide chemical class emerged as a lead ERα AF2 inhibitor that significantly downregulated ERα transcriptional activity (half-maximal inhibitory concentration = 5.81 μM). By directly binding to the ERα protein, as confirmed by BLI, VPC-16230 effectively displaced coactivator peptides from the AF2 pocket, confirming its site-specific action. VPC-16230 selectively suppressed the growth of ERα-positive breast cancer cells. Furthermore, it significantly inhibited ERα mediated transcription in TamR cells. More importantly, it reduced mRNA and protein levels of pS2, cathepsin D and CDC2, validating its ER-directed activity. CONCLUSION: We identified VPC-16230 as an ERα AF2-specific inhibitor that demonstrated promising antiproliferative effects in breast cancer cell lines, including TamR cells. VPC-16230 reduced the expression of ERα-inducible genes, including CDC2, which is involved in cell division. We anticipate that the application of ERα AF2 inhibitors will provide a novel approach that can act as a complementary therapeutic to treat ERα-positive, tamoxifen-resistant and metastatic breast cancers."
25,6.364,"Targeting dihydroceramide desaturase 1 (Des1): Syntheses of ceramide analogues with a rigid scaffold, inhibitory assays, and AlphaFold2-assisted structural insights reveal cyclopropenone PR280 as a potent inhibitor.",Rivero Pablo; Ivanova Varbina; Barril Xavier; Casampere Mireia; Casas Josefina; Fabriàs Gemma; Díaz Yolanda; Matheu M Isabel,Bioorganic chemistry,2024,Lead Optimisation,"measured activity, synthesis, enzymatic",38422591,10.1016/j.bioorg.2024.107233,https://doi.org/10.1016/j.bioorg.2024.107233,"Journal Article; Research Support, Non-U.S. Gov't",AlphaFold2; Ceramide derivatives; Des1 inhibition; Dihydroceramide desaturase 1; Organic synthesis; PR280; Ceramides; Oxidoreductases; Cyclopropanes,"Dihydroceramide desaturase 1 (Des1) catalyzes the formation of a CC double bond in dihydroceramide to furnish ceramide. Inhibition of Des1 is related to cell cycle arrest and programmed cell death. The lack of the Des1 crystalline structure, as well as that of a close homologue, hampers the detailed understanding of its inhibition mechanism and difficults the design of new inhibitors, thus making Des1 a strategic target. Based on previous structure-activity studies, different ceramides containing rigid scaffolds were designed. The synthesis and evaluation of these compounds as Des1 inhibitors allowed the identification of PR280 as a better Des 1 inhibitor in vitro (IC50 = 700 nM) than GT11 and XM462, the current reference inhibitors. This cyclopropenone ceramide was obtained in a 6-step synthesis with a 24 % overall yield. The highly confident 3D structure of Des1, recently predicted by AlphaFold2, served as the basis for conducting docking studies of known Des1 inhibitors and the ceramide derivatives synthesized by us in this study. For this purpose, a complete holoprotein structure was previously constructed. This study has allowed a better knowledge of key ligand-enzyme interactions for Des1 inhibitory activity. Furthermore, it sheds some light on the inhibition mechanism of GT11."
52,0.856,"Plasticity of BioPhi-driven humanness optimization in ScFv-CD99 binding affinity validated through AlphaFold, HADDOCK, and MD simulations.",Sornsuwan Kanokporn; Pamonsupornwichit Thanathat; Juntit On-Anong; Thongkum Weeraya; Takheaw Nuchjira; Kodchakorn Kanchanok; Tayapiwatana Chatchai,Computational and structural biotechnology journal,2025,Hit Identification / In Vitro,"binding assay, cell assay",39897056,10.1016/j.csbj.2025.01.001,https://doi.org/10.1016/j.csbj.2025.01.001,Journal Article,AlphaFold; Binding affinity; BioPhi; HADDOCK; Humanized ScFv; MD simulations,"BioPhi-guided humanization was utilized to enhance the humanness of a humanized single-chain variable fragment targeting CD99, leading to the development of two variants: HuScFvMT99/3BP and HuScFvMT99/3HY. The HuScFvMT99/3BP variant incorporated framework region modifications, leading to modest improvements in humanness, particularly in the VH domain, although the VL domain remained suboptimal. To address this limitation, HuScFvMT99/3HY was designed by combining the VL domain of wild-type with the VH domain of HuScFvMT99/3BP. Molecular dynamics simulations employing AlphaFold2, AlphaFold3, and HADDOCK were performed to evaluate the HuScFv-CD99 peptide complexes. AF2-based simulations demonstrated enhanced binding free energy (ΔGbinding) for both variants compared to HuScFvMT99/3WT. However, ΔGbinding values obtained from AF3 and HD simulations were inconsistent, with HuScFvMT99/3BP exhibiting the weakest binding affinity. While ΔGbinding patterns derived from AlphaFold3 and HADDOCK simulations aligned, amino acid decomposition analysis revealed variations in the interaction coordinates of the predicted complexes. Root-mean-square deviation analysis indicated improved structural stability for HuScFvMT99/3BP (0.975 Å) and HuScFvMT99/3HY (1.075 Å) relative to HuScFvMT99/3WT (1.225 Å). Biolayer interferometry further confirmed that HuScFvMT99/3WT exhibited the highest binding affinity (KD = 1.35 × 10⁻⁷ M) compared to HuScFvMT99/3BP (KD = 2.64 × 10⁻⁷ M) and HuScFvMT99/3HY (KD = 3.95 × 10⁻⁷ M). Supporting evidence was provided by ELISA and flow cytometry experiments. PITHA analysis revealed a high immunogenicity risk for all variants, despite HuScFvMT99/3HY displaying improved humanness, a larger complementarity-determining region (CDR) cavity, and a more hydrophobic CDR-H3 loop. These findings highlight the delicate balance between enhancing humanness and preserving the structural and functional integrity critical for therapeutic antibody development."
77,-5.047,"Natural Product-Inspired Bis(trifluoromethyl) Phenyl Hydroxycinnamate Derivatives as Promising Nonsteroidal Inhibitors of Human Steroid 5α-Reductase Type-1: Synthesis, In Vitro, and In Silico Studies.",Isswanich Kulpornsorn; Poungcho Pattara; Buaban Koonchira; Chuntakaruk Hathaichanok; Sanachai Kamonpan; Chansriniyom Chaisak; Rungrotmongkol Thanyada; De-Eknamkul Wanchai; Chamni Supakarn,ACS omega,2025,Lead Optimisation,"synthesis, enzymatic",40893303,10.1021/acsomega.5c06242,https://doi.org/10.1021/acsomega.5c06242,Journal Article,,"The development of steroid 5α-reductase inhibitors for the treatment of androgenetic alopecia remains challenging, primarily due to the unavailability of a crystal structure for human steroid 5α-reductase type-1 (SRD5A1) and the adverse effects associated with existing steroidal therapeutic agents such as finasteride and dutasteride. In this study, hydroxycinnamate derivatives were synthesized and evaluated for their inhibitory activity against SRD5A1 using an immortalized human keratinocyte cell-based assay coupled with nonradioactive high-performance thin-layer chromatography analysis. Three ferulate derivatives featuring 2',5'-, 3',4'-, and 3',5'-bis-(trifluoromethyl)-phenyl substituents (10a, 10b, and 10c) demonstrated inhibitory activity with half-maximal inhibitory concentrations (IC50) of 8.50, 10.06, and 8.05 μM, respectively, exhibiting low cytotoxicity and favorable predicted lipophilicity. Compound 10a was chosen for further investigation to assess its effect on SRD5A1 protein expression. Treatment of HaCaT cells with compound 10a at concentrations of 10-15 μM for 24 h significantly downregulated SRD5A1 protein expression, suggesting its inhibitory effect on both SRD5A1 activity and expression. An in silico model identified key binding interactions between the AlphaFold-generated SRD5A1 catalytic pocket and the residues R98, M119, A120, E202, and F228, among which M119 is recognized as a crucial residue for the stereoselective and irreversible reduction catalyzed by SRD5A1. Structure-activity relationship analysis indicated that the 3-methoxy-4-hydroxy core facilitates hydrogen bonding with R98, whereas the cinnamoyl and bis-(trifluoromethyl)-phenyl moieties enhance hydrophobic and halogen interactions with key residues, improving binding affinity and molecular orientation. Thus, these bis-(trifluoromethyl)-substituted phenyl ferulate derivatives present a promising class of nonsteroidal inhibitors for SRD5A1, with potential applications in developing topical antiandrogenic agents for the treatment androgen-related conditions."
85,-5.925,Discovery of DNA Gyrase as a Promising Target against Phytopathogenic Bacteria.,Wang Zhiyan; Gao Congting; Sundarraj Rajamanikandan; Shi Dongxiao; Ni Zhe; Ma Jun-An; Wang Xiangjing; Xiang Wensheng; Yuchi Zhiguang; Liu Chongxi,Journal of agricultural and food chemistry,2026,Hit Identification / In Vitro,enzymatic,41436099,10.1021/acs.jafc.5c13698,https://doi.org/10.1021/acs.jafc.5c13698,Journal Article,DNA gyrase; GI-A14; bactericide; molecular target; phytopathogenic bacteria; structure-based virtual screening; DNA Gyrase; Xanthomonas; Plant Diseases; Anti-Bacterial Agents; Ralstonia solanacearum; Bacterial Proteins; Pseudomonas syringae; Microbial Sensitivity Tests; Topoisomerase II Inhibitors,"The growing resistance of phytopathogenic bacteria highlights the need for new bactericides. DNA gyrase, essential in bacteria but absent in plants and animals, is an underexploited target for agricultural bactericides. Here, we modeled the Ralstonia solanacearum GyrA-GyrB-DNA complex using AlphaFold3 and conducted structure-based virtual screening of 1.27 million compounds. Among 100 tested candidates, GI-A14 showed potent, broad-spectrum antibacterial activity against R. solanacearum, Pseudomonas syringae pv tomato, and Xanthomonas oryzae pv oryzae, with minimum inhibitory concentrations of 1-4 μg/mL. Enzymatic assays confirmed that GI-A14 stabilizes the gyrase-DNA cleavage complex, indicating a DNA-interfacial inhibition mechanism. Furthermore, GI-A14 significantly attenuated the pathogenicity and biofilm formation of R. solanacearum. In planta, GI-A14 provided strong protection against bacterial wilt, speck, and blight, outperforming the commercial agent zhongshengmycin. These results establish DNA gyrase as a viable molecular target for plant disease control and identify GI-A14 as a promising lead compound for next-generation green bactericides."
100,-7.757,Exploring 3-O-glycosylations of 20(R)-dammarane ginsenosides and the catalytic mechanism underlying the stereoselectivity with the combined assistance of AlphaFold 2 and molecular docking.,Hong Li-Li; Liu Yuan-Ning; Kong Jian-Qiang,International journal of biological macromolecules,2024,Hit Identification / In Vitro,"measured activity, synthesis, enzymatic",37913883,10.1016/j.ijbiomac.2023.127721,https://doi.org/10.1016/j.ijbiomac.2023.127721,Journal Article,Ginsenosides; Glycosyltransferase; Protopanaxatriol; Glycosylation; Ginsenosides; Molecular Docking Simulation; Dammaranes; Glucosides,"Glycosylation at C3-OH is the favorable modification for pharmaceutical activities and diversity expansion of 20(R)-dammarane ginsenosides. The 3-O-glycosylation, exclusively occurring in 20(R)-PPD ginsenosides, has never been achieved in 20(R)-PPT ginsenosides. Herein, 3-O-glycosylation of 20(R)-PPT enabled by a glycosyltransferase (GT) OsSGT2 was achieved with the combined assistance of AlphaFold 2 and molecular docking. Firstly, we combined AlphaFold2 algorithm and molecular docking to predict interactions between 20(R)-PPT and candidate GTs. A catalytically favorable binding geometry was thus identified in the OsSGT2-20(R)-PPT complex, suggesting OsSGT2 might act on 20(R)-PPT. The enzymatic assays demonstrated that OsSGT2 reacted with varied sugar donors to form 20(R)-PPT 3-O-glycosides, exhibiting donor promiscuity. Additionally, OsSGT2 displayed acceptor promiscuity, catalyzing 3-O-glucosylation of 20(R/S)-PPT, 20(R/S)-PPD and 20(R/S)-Rh1, respectively. Protein engineering on OsSGT2 was thus performed to probe its catalytic mechanism underlying its stereoselectivity. The W207A mutant preferred 20(S)-dammarane aglycons, while F395Q/A396G(QG) displayed a conversion enhancement towards both 20(R/S)-dammarane aglycons. The QG mutant was then used to synthesize 20(R)-PPT 3-O-glucoside, which displayed a moderate angiotensin-converting enzyme inhibitory effect with an IC50 of 27.5 ± 4.7 μM, superior to that of its 20(S)-epimer, with the combined assistance of target fishing and reverse docking. The water solubility of 20(R)-PPT 3-O-glucoside increased as well."
119,-9.874,KIFC1 inhibition: Exploring the potential of propolis-derived small molecules for targeting cancer progression through in silico analysis.,Azmi Muhammad Bilal; Kumari Simran; Aquil Sakina; Nizami Urooj; Sohail Arisha; Ahmed Syed Danish Haseen; Qureshi Shamim Akhtar,PloS one,2025,In Vivo Preclinical,"binding assay, in vivo",40471955,10.1371/journal.pone.0324678,https://doi.org/10.1371/journal.pone.0324678,Journal Article,Propolis; Kinesins; Molecular Docking Simulation; Humans; Neoplasms; Computer Simulation; Small Molecule Libraries; Molecular Dynamics Simulation,"Propolis, a resinous compound produced by bees, possesses diverse medicinal properties and has gained significant attention for its potential in cancer therapy. This study investigated the therapeutic significance of propolis-derived compounds targeting the kinesin-like protein KIFC1, a motor protein overexpressed in various cancers, using a multistep computational methodology. Therefore, it is essential to utilize different in silico methods to predict their therapeutic potential. A 3D library of propolis-derived compounds sourced from previously published literature was compiled and screened for physicochemical properties, drug-likeness, and pharmacokinetic predictions using the SwissADME and BOILED-Egg permeation predictive model. Pharmacokinetic computations were used to filter out compounds that lacked drug-likeness attributes. KIFC1 3D homology model was selected from the AlphaFold database, its stereochemical properties were assessed and validated. Virtual screening was performed to identify the high-binding affinity-based top-ranked compounds. Furthermore, the active residues present in the druggable cavities were identified using the Cavity Blind (CB) docking tool to investigate grid-box-based residue-specific molecular docking and simulation analysis. We found five common propolis-derived compounds following the druglikeness rule, and having HBA (high binding affinity) for the KIFC1 protein, were subjected to CB docking to identify druggable binding pockets (recognition of consensus residues) on KIFC1 as well as residue-specific molecular docking and simulation. Grid-box-based docking experiments for exploring the molecular interactions of the five compounds above validated the inhibitory effects of kaempferide (∆G = -7.35 kcal/mol and Ki = 4.12 μM), luteolin (∆G = -6.74 kcal/mol and Ki = 11.48 μM), Izalpinin (∆G = -6.33 kcal/mol and Ki = 22.9 μM), 4',5,7-Trihydroxy-3,6-dimethoxyflavone (∆G = -6.14 kcal/mol and Ki = 31.71 μM), and 6-methoxykaempferol (∆G = -6.55 kcal/mol and Ki = 15.81 μM). Molecular dynamics simulation analysis at 100 nanoseconds examined the binding modes of five screened compounds and predicted molecular interactions with KIFC1 protein residues. Two propolis-derived compounds, 4',5,7-trihydroxy-3,6-dimethoxyflavone and 6-methoxy kaempferol, showed significant interactions with KIFC1 residues and exhibited stable binding pattern. MD simulations analysis showed minor variation in root-mean-square deviation and fluctuation, confirming their equilibrium with KIFC1 protein. The study enhances understanding of propolis compounds' inhibitory effects on KIFC1 protein, providing insights for potential treatment approaches and requiring further experimental (in vivo and in vitro) as well as clinical validation."
131,-10.795,BCI inhibits MKP3 by targeting the kinase-binding domain and disrupting ERK2 interaction.,Qiu Su-Jie; Zhang Ya-Liang; Gong Wei-Bin; Ding Yu-Han; Wu Jia-Wei; Wang Zhi-Xin; Yao Hong-Wei,The Journal of biological chemistry,2025,Hit Identification / In Vitro,enzymatic,40780413,10.1016/j.jbc.2025.110570,https://doi.org/10.1016/j.jbc.2025.110570,"Journal Article; Research Support, Non-U.S. Gov't",BCI inhibitor; MAPK phosphatase 3; dual-specificity phosphatase 6; extracellular signal–regulated kinase; mitogen-activated protein kinase; Humans; Mitogen-Activated Protein Kinase 1; Dual Specificity Phosphatase 3; Protein Binding; Dual Specificity Phosphatase 6; Protein Domains; MAP Kinase Signaling System,"Mitogen-activated protein kinase phosphatase 3 (MKP3), also known as dual-specificity phosphatase 6, is a critical regulator of extracellular signal-regulated kinase (ERK) signaling, and its dysregulation is implicated in diseases, such as cancer. The small-molecule inhibitor BCI ((E)-2-benzylidene-3-(cyclohexylamino)-2,3-dihydro-1H-inden-1-one) has been reported to inhibit MKP3, thereby enhancing ERK signaling and promoting selective cytotoxicity in cancer cells. However, the molecular mechanism underlying BCI-mediated MKP3 inhibition remains unclear. In this research, we characterized the interaction between BCI and MKP3 using NMR titration, microscale thermophoresis, enzymatic assays, and AlphaFold 3 modeling. Our results demonstrate that BCI selectively binds to the kinase-binding domain (KBD) of MKP3, rather than its catalytic domain, thereby disrupting the MKP3-ERK2 interaction and impairing MKP3 activation. Enzymatic assays further reveal that BCI significantly reduces ERK2-mediated MKP3 activity without directly interfering with substrate binding at the active site. AlphaFold 3 structural modeling suggests that BCI binding induces local conformational changes, notably an outward shift of the α4-helix, which exposes a hydrophobic pocket essential for BCI accommodation. Moreover, BCI exhibits differential binding affinities across the MKP family, showing significant interactions with the KBDs of MKPX and MKP5 but markedly weaker or negligible binding to those of MKP1, MKP2, and MKP4. Together, these findings uncover a novel KBD-targeting mechanism of MKP3 inhibition by BCI and highlight the potential of selectively modulating mitogen-activated protein kinase phosphatases through allosteric disruption of kinase-phosphatase interactions. This strategy may offer a new avenue for the design and optimization of targeted phosphatase inhibitors."
155,-12.657,Structural and functional investigation of RD3-GCAP1 interaction in retinal photoreceptors under normal and disease conditions.,Marino Valerio; Ahoulou Effibe O; Dal Cortivo Giuditta; Avesani Anna; Ames James B; Dell'Orco Daniele,International journal of biological macromolecules,2026,Hit Identification / In Vitro,"binding assay, biophysical, enzymatic",41819313,10.1016/j.ijbiomac.2026.151333,https://doi.org/10.1016/j.ijbiomac.2026.151333,Journal Article,"Calcium; GCAP1; Guanylate cyclase; Phototransduction; Protein-protein interaction; RD3; Retinal dystrophy; Guanylate Cyclase-Activating Proteins; Humans; Eye Proteins; Protein Binding; Animals; Calcium; Mutation; Photoreceptor Cells, Vertebrate; Mice; Guanylate Cyclase","Guanylate Cyclase Activating Protein 1 (GCAP1) and Retinal Degeneration Protein 3 (RD3) are key regulators of retinal guanylate cyclase 1 (GC1), whose dysregulation leads to inherited retinal dystrophies (IRDs). While GCAP1 mutations cause constitutive GC1 activation and photoreceptor degeneration, RD3 acts as a potent cyclase inhibitor essential for proper GC1 trafficking. Here, we investigated the molecular interaction between GCAP1 and RD3 as well as its perturbation by IRD-associated GCAP1 mutations (D100G, N104H, E111V, E155G) using NMR spectroscopy, surface plasmon resonance, AlphaFold3 modeling, enzymatic assays, and their localization via immunohistochemistry. The results demonstrate that the GCAP1-RD3 interaction is strongly Ca2+-dependent, with Ca2+-bound GCAP1 exhibiting micromolar affinity for RD3 (KD ~ 1.6 μM) and Mg2+-bound GCAP1 showing much weaker binding. Strikingly, the E111V mutation completely abolishes RD3 binding, whereas other variants retain interaction with differential kinetic properties. AlphaFold3 modeling, validated by NMR data, reveals that GCAP1 residues involved in RD3 binding overlap with those residues that mediate GCAP1 dimerization and GC1 interaction. Functional assays demonstrate that RD3 inhibits GC1 cyclase activity through dual mechanisms: direct binding to GC1 and GCAP1-mediated inhibition. Remarkably, RD3 rescues GC1 dysregulation caused by all tested GCAP1 mutations, regardless of their ability to interact with RD3. Immunohistochemistry reveals co-localization of GCAP1, RD3, and GC1 in photoreceptor inner segments and synaptic terminals, where Ca2+ concentrations favor complex formation. Our findings suggest that the Ca2+ gradient across the connecting cilium acts as a biochemical switch controlling RD3-GCAP1 interaction, and support RD3-based protein delivery as a mutation-independent therapeutic strategy for GCAP1-associated retinal dystrophies."
185,-14.826,Targeting the noncatalytic activity of GSK3β modulates neuronal excitability in medium spiny neurons via Nav1.6 interactions.,Singh Aditya K; Haghighijoo Zahra; Gurtu Akanksha; Dvorak Nolan M; Baumgartner Timothy J; Goode Nana A; Singh Jully; Bernabucci Matteo; Szafran Adam T; Bolt Michael J; Mancini Michael A; Dvorak Natalie M; Lijffijt Marijn; Liu Zhiqing; Xue Yu; Thomas Alyssa K; Villasante-Tezanos Alejandro; Krishnan Balaji; Zhou Jia; Laezza Fernanda,British journal of pharmacology,2026,In Vivo Preclinical,"biophysical, enzymatic, in vivo",42049385,10.1111/bph.70458,https://doi.org/10.1111/bph.70458,Journal Article,glycogen synthase kinase 3β (GSK3β); in vivo gene silencing; medium spiny neurons (MSNs); protein–protein interactions (PPI); split‐luciferase complementation assay (LCA); voltage‐gated Na+ channel Nav1.6,"BACKGROUND AND PURPOSE: Kinases phosphorylate ion channels, but their noncatalytic roles via protein-protein interactions (PPI) are less understood. Here, we identified the peptidomimetic ZL141 to characterize the PPI between GSK3β and Nav1.6, revealing a noncatalytic role for GSK3β in regulating Nav1.6 currents and neuronal excitability. EXPERIMENTAL APPROACH: To screen peptide inhibitors, the GSK3β/Nav1.6 C-terminal tail (CTD) PPI was reconstituted using split-luciferase complementation assay. Intrinsic fluorescence spectroscopy (IFS), surface plasmon resonance (SPR), kinase assays, and molecular docking were used to assess peptidomimetic binding and predict the PPI interface. ZL141's function was evaluated via patch-clamp electrophysiology in heterologous cells and nucleus accumbens (NAc) medium spiny neurons (MSNs), along with in vivo GSK3β silencing. KEY RESULTS: ZL141 disrupts GSK3β/Nav1.6 CTD complex formation without altering GSK3β's catalytic activity. AlphaFold modelling predicted the ZL141 binding site at the surface of the GSK3β/Nav1.6 CTD PPI interface. ZL141 has a micromolar affinity for GSK3β, suppresses Na+ currents, and affects Nav1.6 activation and inactivation kinetics. In vivo, silencing GSK3β in the NAc mimics the inhibitory effects of ZL141 on MSN firing and occludes any further pharmacological activity of the compound. CONCLUSIONS AND IMPLICATIONS: These findings reveal a critical PPI role of GSK3β in transducing Nav1.6 function and contributing to MSN firing. Both GSK3β and Nav1.6 activities are dysregulated in neurological and neuropsychiatric disorders. Given that Nav1.6 hyperactivity is implicated in maladaptive reward signalling, PPI-targeted modulation using compounds like ZL141 may offer a precision pharmacological strategy for treating psychiatric disorders such as bipolar disorder or schizophrenia."
195,-15.423,Inhibitory Activity of N- and S-Functionalized Monoterpene Diols Towards Monoamine Oxidases A and B.,Podturkina Alexandra V; Ardashov Oleg V; Soldatova Yuliya V; Poletaeva Darya A; Smolina Anastasiya V; Vasyuchenko Ekaterina P; Vyatkin Yuri V; Li-Zhulanov Nikolai S; Faingold Irina I; Salakhutdinov Nariman F; Volcho Konstantin P,International journal of molecular sciences,2024,In Vivo Preclinical,"measured activity, enzymatic, in vivo",39795958,10.3390/ijms26010097,https://doi.org/10.3390/ijms26010097,Journal Article,MAO; Parkinson’s disease; artificial intelligence; docking; inhibitor; terpene; Monoamine Oxidase Inhibitors; Monoamine Oxidase; Molecular Docking Simulation; Animals; Monoterpenes; Mice; Structure-Activity Relationship; Humans,"Monoamine oxidase B (MAO-B) inhibitors are widely used as part of combination drug therapy for Parkinson's disease. As demonstrated in both in vitro and in vivo experiments, the monoterpenoid Prottremine and some of its derivatives exhibit high antiparkinsonian activity. In this study, the inhibitory activity of Prottremine and its derivatives (including 14 new 9-N- and S-derivatives) against MAO-A and MAO-B enzymes has been investigated for the first time. Compounds containing fragments of substituted anilines have demonstrated the highest activity against MAO-A; for example, compound 28 had an IC50 of 178 ± 44 μM. A significant proportion of the compounds tested, including Prottremine, exhibited moderate inhibitory activity towards MAO-B, with the most active being the o-aminoacetophenone derivative, which had an IC50 of 95 ± 5 μM. A molecular docking method for studying murine MAO-A and -B enzymes was developed using AlphaFold2 (v2.3.2), with further improvements. For the MAO-B enzyme, a strong correlation was observed between the molecular docking data and the measured activity of the compounds, with the maximum binding affinity registered for the most active compound. It is conceivable that the antiparkinsonian activity of Prottremine and some of its derivatives may be partially mediated, among other mechanisms, by MAO-B enzyme inhibition."
,0.613,Integrated isothermal shift assay and multi-omics identify melittin as a novel EGFR-targeting peptide to suppress NSCLC.,Zhong Chenhui; Gong Jietao; Wei Lisha; Xie Rong Fang; Shi Peiying; Yao Hong; Huang Jianyong,Journal of translational medicine,2026,In Vivo Preclinical,"binding assay, biophysical, in vivo",42237319,10.1186/s12967-026-08358-w,https://doi.org/10.1186/s12967-026-08358-w,Journal Article,EGFR; Melittin; Non-small cell lung cancer; Target,"BACKGROUND: Non-small cell lung cancer (NSCLC) remains a leading cause of cancer-related mortality, highlighting the urgent need for novel therapeutic agents. Melittin (MEL), a bioactive peptide, exhibits potent antitumor activity; however, its clinical translation is limited by an incomplete understanding of its molecular mechanism. Furthermore, the development of peptide-based therapeutics is often constrained by the lack of systematic approaches to identify their specific cellular targets. METHODS: To address these challenges, we established a multi-dimensional framework integrating biophysical validation with omics analysis. We evaluated the specific anti-NSCLC efficacy of MEL in vitro and in a PC9 xenograft mouse model. The direct molecular target of MEL was deconvoluted using a combination of isothermal shift assay (iTSA), cellular thermal shift assay (CETSA), and bio-layer interferometry (BLI), supported by AlphaFold3-based structural modeling. Mechanistic insights were obtained through quantitative proteomic and phosphoproteomic profiling of tumor tissues, followed by validation using shRNA-mediated gene knockdown. RESULTS: MEL demonstrated selective cytotoxicity against NSCLC cells and suppressed tumor growth in vivo, with minimal toxicity toward normal human bronchial epithelial cells. Isothermal shift assay and CETSA revealed that MEL treatment significantly enhanced the thermal stability of epidermal growth factor receptor (EGFR), indicating direct target engagement. This interaction was further confirmed by BLI, which showed high binding affinity (KD = 18.6 nM), and structural modeling predicted a specific interaction interface. Proteomic and phosphoproteomic analyses indicated that MEL binding inhibited EGFR phosphorylation, thereby attenuating the downstream ERK and STAT3 signaling cascades and inducing autophagy-dependent apoptosis. Importantly, the antitumor effects of MEL were significantly attenuated in EGFR-knockdown cells, confirming its dependency on this target. CONCLUSIONS: This study identifies EGFR as a direct molecular target of MEL in NSCLC, supporting the potential of MEL as a novel peptide-based EGFR inhibitor. Furthermore, our integrated biophysical and omics strategy provides a valuable methodological reference for systematic peptide target identification, thereby facilitating clinical translation."
,0.6,"Cepharanthine may inhibit the proliferation of prostate cells by blocking the EGFR/PI3K/AKT signaling pathway: comprehensive network analysis, molecular docking, and experimental evaluation.",Huang Yin; Bai Jingxing; Ran Biao; Li Jinze; Chen Bo; Chen Zeyu; Chen Jie; Wang Yan; Li Jin; Dong Qiang; Wei Qiang; Cao Dehong; Liu Liangren,Frontiers in pharmacology,2025,In Vivo Preclinical,"measured activity, cell assay, in vivo",41368570,10.3389/fphar.2025.1654757,https://doi.org/10.3389/fphar.2025.1654757,Journal Article,Bph-1; Cepharanthine; WPMY-1; benign prostatic hyperplasia; moleculardocking; network analysis,"INTRODUCTION: Pharmacological studies have confirmed that Cepharanthine (CEP) can exert anti-inflammatory, antioxidant and anti-fibrotic effects. However, there is no systematic study on whether CEP targets and regulates the core pathological link of benign prostatic hyperplasia (BPH) - matrix hyperplasia. METHODS: First, the CEP structure was obtained through PubChem. Combined with BPH targets from the GeneCards/OMIM/TTD database, potential targets were obtained by intersection using Venny 2.1. Then, the PPI network was constructed using STRING, and top 20 core targets were identified using Cytoscape 3.9.1. GO/KEGG enrichment analysis was performed using the DAVID database. Based on the CB-Dock platform, CEP was molecularly docked with key targets, the protein structure was derived from AlphaFold2 and PDB, and the binding energy was calculated by the VINA algorithm. Furthermore, human prostate stromal cells WPMY-1 and benign prostatic hyperplasia cells BPH-1 were used as a model. The Celigo full-field scanning system dynamically monitored proliferation from 0 to 96 h, DNA synthesis was quantified by EdU staining, and apoptosis was detected by Annexin V-APC/PI or Annexin V-FITC/PI double staining flow cytometry. Finally, the effect of CEP on the expression of key target genes was analyzed by Western blot. RESULTS: Network analysis showed that 96 cross-targets were significantly enriched in the PI3K-AKT, MAPK and HIF-1 pathways. Molecular docking confirmed that CEP strongly bound to EGFR (-9.2 kcal/mol), AKT1 (-7.7 kcal/mol), and FN1 (-9.6 kcal/mol). In vitro experiments showed that CEP inhibited WPMY-1 (IC50 = 6.396 μM) and BPH-1 (IC50 = 2.355 μM) proliferation in a dose-dependent manner. Treatment of BPH-1 and WPMY-1 cells with 2.5 μM and 5 μM CEP for 48 h, respectively, significantly reduced the proportion of EdU+ cells in both cell lines. Celigo counting revealed a significant decrease in both cell lines after 24-96 h of CEP treatment. Flow cytometry revealed a significant increase in the total apoptotic rate of both WPMY-1 and BPH-1 cells after CEP treatment. Western blot analysis revealed that CEP inhibited EGFR and AKT phosphorylation and FN1 expression in WPMY-1 and BPH-1 cells in a dose-dependent manner. CONCLUSION: This study confirmed for the first time the effectiveness of CEP in targeted regulation of prostatic hyperplasia. However, the in vivo efficacy needs to be verified in testosterone-induced animal models in the future."
,0.596,"Solubilization, purification, and characterization of the hexameric form of phosphatidylserine synthase from Candida albicans.",Zhou Yue; Syed Jawhar H; Semchonok Dmitry A; Wright Edward; Kyrilis Fotis L; Hamdi Farzad; Kastritis Panagiotis L; Bruce Barry D; Reynolds Todd B,The Journal of biological chemistry,2023,Hit Identification / In Vitro,enzymatic,37116705,10.1016/j.jbc.2023.104756,https://doi.org/10.1016/j.jbc.2023.104756,"Journal Article; Research Support, N.I.H., Extramural; Research Support, Non-U.S. Gov't",electron microscopy (EM); enzyme purification; fungi; membrane enzyme; membrane lipid; oligomer; Candida albicans; CDPdiacylglycerol-Serine O-Phosphatidyltransferase; Detergents; Digitonin,"Phosphatidylserine (PS) synthase from Candida albicans, encoded by the CHO1 gene, has been identified as a potential drug target for new antifungals against systemic candidiasis. Rational drug design or small molecule screening are effective ways to identify specific inhibitors of Cho1, but both will be facilitated by protein purification. Due to the transmembrane nature of Cho1, methods were needed to solubilize and purify the native form of Cho1. Here, we used six non-ionic detergents and three styrene maleic acids (SMAs) to solubilize an HA-tagged Cho1 protein from the total microsomal fractions. Blue native PAGE and immunoblot analysis revealed a single band corresponding to Cho1 in all detergent-solubilized fractions, while two bands were present in the SMA2000-solubilized fraction. Our enzymatic assay suggests that digitonin- or DDM-solubilized enzyme has the most PS synthase activity. Pull-downs of HA-tagged Cho1 from the digitonin-solubilized fraction reveal an apparent MW of Cho1 consistent with a hexamer. Furthermore, negative-staining electron microscopy analysis and AlphaFold2 structure prediction modeling suggest the hexamer is composed of a trimer of dimers. We purified Cho1 protein to near-homogeneity as a hexamer using affinity chromatography and TEV protease treatment, and optimized Cho1 enzyme activity for manganese and detergent concentrations, temperature (24 °C), and pH (8.0). The purified Cho1 has a Km for its substrate CDP-diacylglycerol of 72.20 μM with a Vmax of 0.079 nmol/(μg∗min) while exhibiting a sigmoidal kinetic curve for its other substrate serine, indicating cooperative binding. Purified hexameric Cho1 can potentially be used in downstream structure determination and small drug screening."
,0.585,Identification of GDP as a small inhibitory molecule in HepG2 cells by non‑targeted metabolomics analysis.,Peng Zhilin; Xu Siting; Wang Haocheng; Huang Yanli; Liu Siyuan; Jiao Zhongbei; Lin Mei; Zhu Ping; Chen Yu; Shi Yan; Wang Yuequn; Li Yongqing; Yuan Wuzhou; Wu Xiushan; Jiang Zhigang; Li Fang; Fan Xiongwei,Oncology letters,2025,Hit Identification / In Vitro,"cell assay, enzymatic",39990806,10.3892/ol.2025.14924,https://doi.org/10.3892/ol.2025.14924,Journal Article,AlphaFold3; ERK; fatty acid hydroxylase domain containing 2; guanosine diphosphate; lipid metabolism; liver cancer; metabolomics,"Identifying the mechanism by which lipid metabolism regulates cancer may offer a novel approach for therapeutic intervention. It has previously been identified that a lipid metabolism-related factor, namely fatty acid hydroxylase domain containing 2 (FAXDC2), is downregulated in various types of cancer, and inhibits the proliferation and migration of liver cancer cells through a mechanism associated with ERK. The liver is important for lipid metabolism, and FAXDC2 is involved in the synthesis of cholesterol and sphingomyelin. However, the functional mechanism by which FAXDC2 influences liver cancer cells through metabolic processes and ERK signaling remains unclear. Therefore, the present study induced the overexpression of FAXDC2 in HepG2 liver cancer cells and performed a metabolomics analysis. This identified guanosine diphosphate (GDP) as a significantly altered metabolite. Using AlphaFold3, a robust interaction was predicted between FAXDC2 and GDP, which lead to the hypothesis that GDP may mediate the inhibitory effects of FAXDC2 on liver cancer cells by directly modulating the functional properties of the cells, thereby influencing their behavior and progression. Cell Counting Kit-8 assays were used to study the impact of elevated GDP concentrations on HepG2 cell growth. The results revealed a gradual reduction in the viability of HepG2 cells as the GDP concentration increased. In addition, western blotting showed that GDP treatment was accompanied by a significant downregulation of cyclin dependent kinase 4 and cyclin D1 expression levels, and Transwell experiments revealed that GDP treatment significantly decreased the invasion of HepG2 cells. Treatment with GDP also significantly inhibited the expression of ERK. In summary, the present study is the first to indicate that GDP is a metabolic small molecule with inhibitory activity in cancer cells, which has previously been overlooked in tumor metabolic reprogramming. The study findings offer new insights and strategies for the diagnosis and treatment of liver cancer, and potentially other types of cancer."
,0.583,Functional and Mechanistic Insights into the Fatty-Acid CoA Ligase FadK in Escherichia coli.,Liu Dafeng; Abdiriyim Ablikim; Zhang Lvxia; Yu Feng,Frontiers in bioscience (Landmark edition),2025,Hit Identification / In Vitro,enzymatic,40302338,10.31083/FBL36701,https://doi.org/10.31083/FBL36701,Journal Article,"enzyme activity; fatty-acid CoA ligase FadK; gene expression levels; inhibitor dodecyl-AMP; Escherichia coli; Coenzyme A Ligases; Escherichia coli Proteins; Fatty Acids; Models, Molecular; Substrate Specificity; Adenosine Triphosphate; Hydrogen-Ion Concentration","BACKGROUND: Escherichia coli (E. coli) is a common opportunistic bacterial pathogen in both human and animal populations. Fatty acids serve as the central carbon and energy source, a process mediated by fatty acid-coenzyme A (CoA) ligases encoded by fad genes such as FadK. However, the function and the mechanism of FadK remain unclear. METHODS: The three-dimensional structure of FadK was modeled using AlphaFold2. After expression and purification, monomeric FadK was successfully isolated. The enzymatic activity was assayed, and real-time quantitative polymerase chain reaction (RT-qPCR) was performed to quantify FadK expression levels. RESULTS: In enzymatic assays of fatty acid CoA ligase activity, caprylic acid was found to be the optimal substrate for FadK. We determined the optimal catalytic conditions for FadK, which include a pH of 7.4, ATP concentration of 0.6 mM, CoA concentration of 0.8 mM, and Mg2+ concentration of 0.8 mM at 37 °C. Notably, the activity of FadK showed a decrease with increasing concentrations of dodecyl-AMP, which was further confirmed by the RT-qPCR results. CONCLUSIONS: Our findings will serve as a fundamental framework for the development of innovative therapeutics that target E. coli infections."
,0.561,Thermotolerant class A acid phosphatase active across broad pH range and diverse substrates.,Recio Maria-Isabel; Gavira José A; de La Torre Jesús; Cano-Muñoz Mario; Martínez-Rodriguez Sergio; Daddaoua Abdelali; Duque Estrella; Ramos Juan L,Protein science : a publication of the Protein Society,2025,Hit Identification / In Vitro,"biophysical, enzymatic",40815342,10.1002/pro.70244,https://doi.org/10.1002/pro.70244,Journal Article,"Pseudomonas; bacteria; bacterial acid phosphatase; biomineralization; structure–function; substrate spectrum; Hydrogen-Ion Concentration; Acid Phosphatase; Escherichia coli; Crystallography, X-Ray; Substrate Specificity; Recombinant Proteins; Models, Molecular","M2-32 is a non-specific acid phosphatase with a rare ability to function across a broad pH range (3.5-8.5). Analysis using SWISS-PROT Prf Profiles classifies it as a class A acid phosphatase (Z-score: 78.97), sharing 50%-60% sequence similarity with enzymes such as PhoC and PhoN. For detailed characterization, the gene encoding M2-32 was cloned into the pET28(b) vector, overexpressed in Escherichia coli BL21 (DE3), and subsequently purified. Although the monomeric form of M2-32 has a molecular weight of ~28 kDa, size exclusion chromatography, dynamic light scattering, and sedimentation studies revealed a dimeric form in solution. Enzymatic assays using p-nitrophenyl phosphate, 4-methylumbelliferyl phosphate, 3'-and 5'-adenosine monophosphate demonstrated robust activity over a pH range of 4.0-8.0 at both 30 and 50°C. Differential scanning fluorimetry indicated an unfolding temperature close to 47°C; however, the enzyme refolded after heat denaturation at 80°C. We have determined the x-ray crystal structure of M2-32 by molecular replacement using an AlphaFold2-guided truncated model, achieving a resolution of 2.2 Å. The protein crystallized as a dimer-of-dimers. Each monomer (residues 38-274) adopts an all-alpha-helical fold composed of 14 helices and two disulfide bonds. Docking studies with adenosine monophosphates, combined with site-directed mutagenesis, identified His174, Arg207, His213, Asp217 as critical catalytic residues, and Tyr136 and Ser172 probably involved in substrate recognition. Mutations at these positions resulted in over 90% loss of enzymatic activity, highlighting their functional significance."
,0.549,Stress Responsive Glycosyltransferase (UGT72Z7) from Glycyrrhiza glabra Showed Glycosylation of Azadirachtin.,Hussain Shahnawaz; Verma Bhawna; Devi Ritu; Kumar Vijay; Wazir Priya; Chopra Atul; Arora Palak; Ghora Bhawna; Sharma Anuradha; Singh Parvinder Pal; Gupta Suphla,Applied biochemistry and biotechnology,2025,Hit Identification / In Vitro,enzymatic,41085823,10.1007/s12010-025-05401-2,https://doi.org/10.1007/s12010-025-05401-2,Journal Article,"Azadirachtin; Glycosylation; Molecular docking; Stress tolerance; Glycosylation; Limonins; Glycyrrhiza; Glycosyltransferases; Stress, Physiological; Plant Proteins; Molecular Docking Simulation; Amino Acid Sequence","Uridine diphosphate glycosyltransferases (UGTs) play crucial roles in the glycosylation of plant metabolites, contributing to growth, defense, and stress adaptation. Despite their importance, UGT functions in Glycyrrhiza remain poorly understood, particularly in stress responses and xenobiotic metabolism. In this study, we report the cloning and functional characterization of GgUGT72Z7, a 1413 bp gene encoding a flavonol 3-O-glucosyltransferase that shares 74% sequence identity with Glycine max UGT72Z3. Structural modeling (AlphaFold, SWISS-MODEL, Phyre2) and molecular docking identified azadirachtin, a pharmacologically active tetranor-triterpenoid, as the most favorable ligand (binding energy -15 kcal/mol). In vitro enzymatic assays with recombinant protein validated its ability to glycosylate azadirachtin, a bioactive limonoid found in the seeds of the neem tree (Azadirachta indica) besides native flavonoids, kaempferol and quercetin. Among the models, the AlphaFold structure showed the best structural quality, highlighting interactions between azadirachtin and five key residues (Ser-249, Glu-370, Glu-251, Lys-53, Ala-348). Expression profiling demonstrated strong induction of GgUGT72Z under senescence (1136-fold), pathogen infection (33-fold), and phytohormone treatments, notably methyl jasmonate (1124-fold), auxin (568-fold), and abscisic acid (400-fold). These findings reveal a dual role of GgUGT72Z in xenobiotic glycosylation and stress tolerance, providing new insights into glycosylation-mediated defense in Glycyrrhiza."
,0.542,Functional insights and salt tolerance: Molecular characterization of two F3H/FNS I homologs from Tetrastigma hemsleyanum Diels et Gilg.,Jiang Zhiyan; Liu Junyao; Shao Caihua; Wang Siying; Xu Juan; Wang Ying; Lin Xiaoyu; Xu Haishun; Wu Xueqian,International journal of biological macromolecules,2026,Hit Identification / In Vitro,enzymatic,41806892,10.1016/j.ijbiomac.2026.151309,https://doi.org/10.1016/j.ijbiomac.2026.151309,Journal Article,"Flavanone-3-hydroxylase; Flavone synthase I; Herb; Molecular simulation; Plant; Stress; Salt Tolerance; Phylogeny; Gene Expression Regulation, Plant; Molecular Docking Simulation; Mixed Function Oxygenases; Vitaceae; Plant Proteins; Flavonoids; Amino Acid Sequence","Flavonoid compounds in Tetrastigma hemsleyanum Diels et Gilg (T. hemsleyanum) are essential for plant stress responses, yet their biosynthetic pathways and regulatory mechanisms remain poorly understood. This study identified and characterized two flavanone-3-hydroxylase (F3H) genes, ThF3H1 and ThF3H2, from T. hemsleyanum, which belong to the 2ODDs-DOXC28 subfamily. Tissue-specific expression analysis revealed that both genes are highly expressed in tuberous roots, with distinct stress response patterns observed. Sequence and phylogenetic analyses confirmed that these genes contain typical structural domains of the 2ODD family and are closely related to F3H proteins from various plant species. Subcellular localization studies indicated that ThF3H1 is predominantly cytoplasmic, while ThF3H2 is found both in the cytoplasm and the nucleus. In vitro enzymatic assays demonstrated that both enzymes catalyze the conversion of naringenin to dihydrokaempferol and small amounts of apigenin, with ThF3H2 exhibiting higher catalytic efficiency (kcat/Km = 0.0093 s-1·μM-1). AlphaFold2 predictions and molecular docking analysis revealed the binding modes of ThF3H1 with itssubstrates. Site-directed mutagenesis further identified four key catalytic residues (Glu122, Lys196, Lys326, and Asp330). Furthermore, both genes were significantly upregulated under salt stress, and their heterologous expression enhanced the salt tolerance of Escherichia coli, underscoring their critical roles in plant stress responses. These findings enhance the understanding of plant F3H function and provide a molecular foundation for improving the quality and stress resistance of T. hemsleyanum."